shap_token,Semantic_Depth
.,1
;,1
The,1
of,1
probabil,1
unstable,1
We,1
growing,1
excessive,1
.,1
claims,1
role,1
excessive,1
",",1
challenges,1
contrast,1
The,1
",",1
model,1
overhead,1
processing,1
.,1
intuition,1
maximum,1
real,1
1996),1
.,1
.,1
kernel,1
(,1
.,1
to,1
The,1
attacks,1
sky,1
).,1
condition,1
",",1
We,1
.,1
Our,1
terms,1
role,1
significant,1
",",1
error,1
",",1
.,1
),1
The,1
liable,1
phrase,1
set,1
",",1
",",1
efficiencies,1
s,1
the,1
En,1
mis,1
and,1
using,1
used,1
to,1
.,1
",",1
End,1
approach,1
method,1
),1
and,1
Select,1
improve,1
effect,1
le,1
role,1
negative,1
.,1
introduce,1
d,1
.,1
importance,1
David,1
We,1
s,1
gives,1
(,1
2008,1
quality,1
",",1
ation,1
get,1
without,1
",",1
mis,1
state,1
.,1
we,1
relationship,1
approach,1
.,1
",",1
.,1
shaw,1
",",1
without,1
.,1
the,1
innovative,1
.,1
In,1
The,1
5,1
",",1
(,1
an,1
It,1
definitive,1
Open,1
which,1
small,1
Collins,1
Maximum,1
tags,1
Lee,1
This,1
to,1
.,1
improving,1
(,1
English,1
methodology,1
regulatory,1
2,1
",",1
with,1
approach,1
approach,1
d,1
overhead,1
",",1
progress,1
valid,1
.,1
(,1
.,1
",",1
in,1
s,1
(,1
detail,1
results,1
.,1
the,1
(,1
Our,1
not,1
narrow,1
s,1
in,1
outdated,1
recent,1
3,1
reduced,1
MT,1
.,1
",",1
2007,1
risks,1
derivative,1
.,1
.,1
(,1
",",1
",",1
hypothesis,1
(,1
excellent,1
sources,1
",",1
standard,1
analyze,1
.,1
improving,1
",",1
errors,1
.,1
call,1
Nie,1
",",1
.,1
log,1
",",1
In,1
The,1
is,1
",",1
efficient,1
cia,1
e,1
our,1
performance,1
s,1
to,1
which,1
research,1
",",1
.,1
introduced,1
and,1
",",1
growing,1
in,1
.,1
-,1
Per,1
method,1
We,1
u,1
.,1
risks,1
1996,1
risks,1
",",1
.,1
minimum,1
The,1
smaller,1
tangible,1
zero,1
of,1
amount,1
.,1
contributions,1
a,1
ing,1
rendering,1
problems,1
(,1
methodology,1
S,1
ways,1
continues,1
or,1
We,1
machinery,1
off,1
.,1
a,1
",",1
method,1
and,1
leaving,1
positive,1
introduced,1
is,1
.,1
role,1
",",1
to,1
commonly,1
.,1
.,1
2007.,1
systems,1
exceptional,1
.,1
1997,1
.,1
to,1
recall,1
writing,1
production,1
tangible,1
2008,1
",",1
without,1
(,1
enhance,1
(,1
overhead,1
significant,1
",",1
.,1
.,1
T,1
adopt,1
.,1
using,1
",",1
),1
.,1
.,1
used,1
",",1
without,1
(,1
machine,1
volume,1
en,1
.,1
",",1
faster,1
.,1
im,1
While,1
discussing,1
assumptions,1
confidence,1
to,0
impressive,1
backed,1
minimum,1
automation,1
.,1
process,1
sufficient,1
s,1
growing,1
(,1
condition,1
supervised,1
al,1
rase,1
.,1
ability,1
mis,1
theoretical,1
",",1
s,1
:,1
.,1
.,1
descriptive,1
s,1
",",1
problems,1
(,1
better,1
to,0
which,1
2002,1
We,1
",",1
backed,1
evaluation,1
",",1
identified,1
emphasized,1
",",1
",",1
described,1
to,1
s,1
.,1
is,1
.,1
-,1
pressing,1
and,1
transformation,1
progress,1
.,1
parameter,1
).,1
The,1
",",1
.,1
see,1
English,1
performance,1
ability,1
problems,1
4.1,1
",",1
",",1
and,1
",",1
values,1
).,1
intelligence,1
The,1
art,1
provided,1
",",1
),1
to,1
er,1
complexity,1
(,1
of,1
produced,1
incremental,1
presents,1
decisions,1
mutual,1
ill,1
",",1
sizes,1
creative,1
role,1
un,1
overhead,1
error,1
processing,1
(,1
gains,1
the,1
app,1
performance,1
affected,1
remarkable,1
continues,1
machine,1
.,1
.,1
innovative,1
.,1
In,1
problem,1
outdated,1
",",1
.,1
(,1
",",1
method,1
efficient,1
",",1
to,1
(,1
(,1
low,1
pressing,1
.,1
",",1
modified,1
continues,1
",",1
(,1
rather,1
backed,1
im,1
",",1
",",1
number,1
.,1
",",1
The,1
.,1
is,1
contributions,1
a,1
risks,1
:,1
pressing,1
continues,1
The,1
y,1
positive,1
.,1
continues,1
",",1
.,1
advances,1
risks,1
and,1
",",1
growing,1
that,1
",",1
.,0
by,1
Wu,1
A,1
detailed,1
(,1
.,1
.,1
practical,1
initiated,1
in,1
degradation,1
(,1
(19,1
2004,1
(2005),1
.,1
d,1
intelligence,1
progress,1
",",1
tangible,1
im,1
in,1
leaving,1
",",1
gov,1
",",1
implications,1
significance,1
added,1
s,1
compromised,1
word,1
data,1
classic,1
work,1
1).,1
